-- ============================================================
--  더미 데이터 v3 (완전판)
--  실행 순서:
--    campuses → places → external_places → users
--    → bus_routes → bus_stops → bus_route_stops
--    → bus_schedules → college_shuttle_stops
--    → route_logs → favorites → place_likes
-- ============================================================
USE daegu_nav;

-- ============================================================
-- 1. campuses (2개)
-- ============================================================
INSERT INTO campuses (name, address, latitude, longitude) VALUES
('경산캠퍼스',   '경상북도 경산시 진량읍 대구대로 201', 35.8888000, 128.7511000),
('대명동캠퍼스', '대구광역시 남구 대명로 201',          35.8465000, 128.5740000);


-- ============================================================
-- 2. places (경산캠퍼스 주요 건물 20개 - 테스트용 핵심만)
--    ※ 전체 72개는 data_v2.sql 참고
--    위도/경도: 카카오 장소 검색으로 대체 가능하므로 0으로 입력
-- ============================================================
INSERT INTO places (campus_id, name, place_type, description) VALUES
-- 단과대학 건물 (place_id 1~10)
(1, '공학 1관',       'COLLEGE',     'IT·공과대학 강의동'),
(1, '공학 2관',       'COLLEGE',     'IT·공과대학 강의동'),
(1, '경영 1관',       'COLLEGE',     '글로벌경영대학 강의동'),
(1, '경영 2관',       'COLLEGE',     '글로벌경영대학 강의동'),
(1, '인문 1관',       'COLLEGE',     '인문대학 강의동'),
(1, '인문 2관',       'COLLEGE',     '인문대학 강의동'),
(1, '사범 1관',       'COLLEGE',     '사범대학 강의동'),
(1, '재활과학 1관',   'COLLEGE',     '재활과학대학 강의동'),
(1, '디자인예술 1관', 'COLLEGE',     '디자인예술대학 강의동'),
(1, '생명과학 1관',   'COLLEGE',     '글로컬라이프대학 강의동'),
-- 기숙사 (place_id 11~12)
(1, '신애학사 1호관', 'DORMITORY',   '여학생 기숙사'),
(1, '입지학사 1호관', 'DORMITORY',   '남학생 기숙사'),
-- 편의시설 (place_id 13~16)
(1, '스타벅스 대구대학교점',  'CONVENIENCE', '캠퍼스 내 스타벅스'),
(1, '버거킹 대구대점',        'CONVENIENCE', '캠퍼스 내 버거킹'),
(1, '동편복지관',             'WELFARE',     '학생 복지 시설'),
(1, '성산홀',                 'WELFARE',     '대형 강당 및 공연장'),
-- 야외/기타 (place_id 17~20)
(1, '자유광장',               'OUTDOOR',     '학생 자유 모임 공간'),
(1, '제1운동장',              'SPORTS',      '야외 운동장'),
(1, '중앙도서관',             'ACADEMIC',    '중앙 도서관'),
(2, '대명동캠퍼스 정문',      'OTHER',       '대명동캠퍼스 입구');


-- ============================================================
-- 3. external_places (외부 장소 8개)
--    카카오 지도에서 검색한 학교 밖 장소
--    kakao_place_id: 실제 카카오 API 연동 시 채워짐
-- ============================================================
INSERT INTO external_places (kakao_place_id, name, address, latitude, longitude, category) VALUES
('EP001', '동대구역',           '대구광역시 동구 동대구로 550',      35.8794,  128.6289, '기차역'),
('EP002', '대구역',             '대구광역시 북구 태평로 161',         35.8791,  128.5946, '기차역'),
('EP003', '경산역',             '경상북도 경산시 경산로 162',          35.8221,  128.7389, '기차역'),
('EP004', '동성로',             '대구광역시 중구 동성로',              35.8686,  128.5944, '상업지역'),
('EP005', '영남대학교',         '경상북도 경산시 대학로 280',          35.8379,  128.7528, '대학교'),
('EP006', '이마트 경산점',      '경상북도 경산시 중방동',              35.8201,  128.7401, '마트'),
('EP007', '수성알파시티역',     '대구광역시 수성구 알파시티역로',      35.8413,  128.6729, '지하철역'),
('EP008', '대구국제공항',       '대구광역시 동구 공항로 221',          35.8942,  128.6585, '공항');


-- ============================================================
-- 4. users (8명)
--    home_* 컬럼: 셔틀버스 자동 추천에 사용
-- ============================================================
INSERT INTO users (student_id, password_hash, name, major, home_place_id, home_address, home_latitude, home_longitude) VALUES
('2024001001', '$2b$10$dummyhash1', '김민준', '컴퓨터공학과',   1,  '대구 달서구 월배역 근처',   35.8112, 128.5321),
('2024002002', '$2b$10$dummyhash2', '이서연', '경영학과',       3,  '대구 수성구 지산동',        35.8523, 128.6341),
('2024003003', '$2b$10$dummyhash3', '박지호', '사회복지학과',   5,  '경산시 압량읍',             35.8651, 128.7812),
('2023004004', '$2b$10$dummyhash4', '최예은', '물리치료학과',   8,  '대구 달서구 성서',          35.8441, 128.5112),
('2023005005', '$2b$10$dummyhash5', '정태양', '산업디자인학과', 9,  '경산시 중방동',             35.8201, 128.7391),
('2022006006', '$2b$10$dummyhash6', '한소희', '영어영문학과',   6,  '대구 동구 동대구역 근처',   35.8791, 128.6289),
('2022007007', '$2b$10$dummyhash7', '윤성호', 'IT융합학과',     2,  '대구 북구 칠곡',            35.9201, 128.5742),
('2021008008', '$2b$10$dummyhash8', '오지민', '교육학과',       7,  '대구 남구 대명동',          35.8451, 128.5731);


-- ============================================================
-- 5. bus_routes (주요 노선 8개)
-- ============================================================
INSERT INTO bus_routes (route_number, route_name, route_type, direction, day_type, note) VALUES
('4',     '대구 4번 등교',          '대구',      '등교', '매일', '대명동캠퍼스 출발'),
('9',     '대구 9번 등교',          '대구',      '등교', '매일', '수성구 방면'),
('21',    '대구 21번 등교',         '대구',      '등교', '매일', '동대구역 경유'),
('4하교', '대구 4번 하교',          '대구',      '하교', '매일', NULL),
('9하교', '대구 9번 하교',          '대구',      '하교', '매일', NULL),
('하양역','지하철1호선 하양역 등교', '지하철1호선','등교', '매일', NULL),
('하양역하교','지하철1호선 하양역 하교','지하철1호선','하교','매일', NULL),
('임당역하교','지하철2호선 임당역 하교','지하철2호선','하교','매일', '영남대 맞은편 경유');


-- ============================================================
-- 6. bus_stops (주요 정류장 12개)
-- ============================================================
INSERT INTO bus_stops (name, region, latitude, longitude, is_school_stop) VALUES
-- 교내 정류장
('경산캠퍼스 서문',            '경산', 0, 0, 1),
('경산캠퍼스 생명과학1관 앞',  '경산', 0, 0, 1),
('경산캠퍼스 인문2관 앞',      '경산', 0, 0, 1),
-- 외부 정류장 (좌표는 실제값 입력 필요)
('동대구역광장앞 시티버스승강장', '대구 동구', 35.8794, 128.6289, 0),
('지산역 1번출구',              '대구 수성구', 35.8523, 128.6341, 0),
('수성알파시티역 3번출구',      '대구 수성구', 35.8413, 128.6729, 0),
('하양역 환승정차구역앞',       '경산 하양',   35.9201, 128.8012, 0),
('임당역 5번출구 버스승강장',   '경산',        35.8221, 128.7389, 0),
('서대구역 2번출구',            '대구 달서구', 35.8762, 128.5342, 0),
('상인역 3번출구',              '대구 달서구', 35.8112, 128.5331, 0),
('대구국제공항 3번게이트앞',    '대구 동구',   35.8942, 128.6585, 0),
('영남대역',                   '경산',        35.8379, 128.7528, 0);


-- ============================================================
-- 7. bus_route_stops (노선별 정류장 순서)
-- ============================================================
-- 4번 등교 노선 (route_id=1)
INSERT INTO bus_route_stops (route_id, stop_id, stop_order, estimated_time) VALUES
(1, 9, 1, '07:10'), -- 서대구역 출발
(1, 1, 2, '07:30'), -- 경산캠퍼스 서문 도착

-- 21번 등교 노선 (route_id=3)
(3, 4, 1, '07:20'), -- 동대구역 출발
(3, 1, 2, '07:42'), -- 경산캠퍼스 서문 도착

-- 하양역 등교 (route_id=6)
(6, 7, 1, '08:10'), -- 하양역 출발
(6, 2, 2, '08:40'), -- 생명과학1관 앞 도착

-- 임당역 하교 (route_id=8)
(8, 3, 1, '17:00'), -- 인문2관 앞 출발
(8, 8, 2, '17:20'), -- 임당역 도착
(8, 12, 3, '17:22'); -- 영남대역 도착


-- ============================================================
-- 8. bus_schedules (시간표)
-- ============================================================
-- 4번 등교 (route_id=1): 1회
INSERT INTO bus_schedules (route_id, departure_time) VALUES (1, '07:10');

-- 9번 등교 (route_id=2): 1회
INSERT INTO bus_schedules (route_id, departure_time) VALUES (2, '07:15');

-- 21번 등교 (route_id=3): 1회
INSERT INTO bus_schedules (route_id, departure_time) VALUES (3, '07:20');

-- 4번 하교 (route_id=4)
INSERT INTO bus_schedules (route_id, departure_time) VALUES (4, '17:15');

-- 9번 하교 (route_id=5)
INSERT INTO bus_schedules (route_id, departure_time) VALUES
(5, '17:15'), (5, '18:30');

-- 하양역 등교 (route_id=6): 9회
INSERT INTO bus_schedules (route_id, departure_time) VALUES
(6,'08:10'),(6,'08:25'),(6,'08:30'),(6,'08:40'),(6,'08:50'),
(6,'09:15'),(6,'09:30'),(6,'09:50'),(6,'10:10');

-- 하양역 하교 (route_id=7): 11회
INSERT INTO bus_schedules (route_id, departure_time) VALUES
(7,'15:00'),(7,'15:30'),(7,'16:00'),(7,'16:30'),(7,'16:45'),
(7,'17:00'),(7,'17:10'),(7,'17:20'),(7,'17:30'),(7,'18:00'),(7,'18:30');

-- 임당역 하교 (route_id=8): 12회
INSERT INTO bus_schedules (route_id, departure_time, note) VALUES
(8,'15:30',NULL),(8,'16:00',NULL),(8,'16:10',NULL),(8,'16:20',NULL),
(8,'16:30',NULL),(8,'16:40',NULL),(8,'16:50',NULL),
(8,'17:00','경산역 도착'),(8,'17:20',NULL),
(8,'17:45','경북학숙 경유'),(8,'18:00',NULL),(8,'19:00','경산역 도착');


-- ============================================================
-- 9. college_shuttle_stops (건물 ↔ 가장 가까운 정류장)
--    sp_recommend_route 프로시저가 이 테이블 사용
-- ============================================================
INSERT INTO college_shuttle_stops (place_id, stop_id, walk_time_min) VALUES
(1,  2, 3),  -- 공학1관 → 생명과학1관 앞 정류장 (3분)
(2,  2, 2),  -- 공학2관 → 생명과학1관 앞 정류장 (2분)
(3,  1, 5),  -- 경영1관 → 서문 정류장 (5분)
(4,  1, 4),  -- 경영2관 → 서문 정류장 (4분)
(5,  3, 3),  -- 인문1관 → 인문2관 앞 정류장 (3분)
(6,  3, 1),  -- 인문2관 → 인문2관 앞 정류장 (1분)
(7,  1, 6),  -- 사범1관 → 서문 정류장 (6분)
(8,  2, 4),  -- 재활과학1관 → 생명과학1관 앞 (4분)
(9,  1, 7),  -- 디자인예술1관 → 서문 정류장 (7분)
(10, 2, 2);  -- 생명과학1관 → 생명과학1관 앞 정류장 (2분)


-- ============================================================
-- 10. route_logs (35개 - 다양한 시나리오)
--    travel_mode: WALK(도보), SHUTTLE(셔틀), MIXED(혼합)
-- ============================================================

-- [시나리오 A] 학교 내 도보 이동 (user_id 있음)
-- "김민준(1)이 공학1관→경영1관 도보로 이동"
INSERT INTO route_logs (user_id, from_place_id, to_place_id, distance_m, duration_min, travel_mode, searched_at) VALUES
(1, 1, 3,  520,  6.5, 'WALK', '2026-03-02 08:20:00'),
(1, 1, 3,  520,  6.5, 'WALK', '2026-03-09 08:22:00'),
(1, 1, 3,  520,  6.4, 'WALK', '2026-03-16 08:19:00'),
-- "이서연(2)이 경영1관→인문1관"
(2, 3, 5,  650,  8.0, 'WALK', '2026-03-03 09:00:00'),
(2, 3, 5,  640,  7.9, 'WALK', '2026-03-10 09:05:00'),
-- "박지호(3)이 인문1관→경영1관"
(3, 5, 3,  640,  8.1, 'WALK', '2026-03-04 10:30:00'),
(3, 5, 3,  650,  8.0, 'WALK', '2026-03-11 10:28:00'),
-- "최예은(4)이 재활과학1관→공학1관"
(4, 8, 1,  800,  9.5, 'WALK', '2026-03-05 08:00:00'),
(4, 8, 1,  790,  9.3, 'WALK', '2026-03-12 08:05:00'),
-- "정태양(5)이 디자인예술1관→생명과학1관"
(5, 9, 10, 430,  5.2, 'WALK', '2026-03-06 11:00:00'),
(5, 9, 10, 440,  5.4, 'WALK', '2026-03-13 11:10:00');

-- [시나리오 B] 셔틀 이용 이동
-- "김민준(1)이 공학1관→인문1관 셔틀 이용"
INSERT INTO route_logs (user_id, from_place_id, to_place_id, distance_m, duration_min, travel_mode, recommended_mode, shuttle_route_id, shuttle_from_stop_id, searched_at) VALUES
(1, 1, 5,  900,  8.0, 'SHUTTLE', 'SHUTTLE', 6, 2, '2026-03-07 08:30:00'),
(1, 1, 5,  900,  7.5, 'SHUTTLE', 'SHUTTLE', 6, 2, '2026-03-14 08:28:00'),
-- "한소희(6)이 인문2관→공학1관 셔틀"
(6, 6, 1,  850,  7.0, 'SHUTTLE', 'SHUTTLE', 7, 3, '2026-03-08 09:00:00'),
(6, 6, 1,  850,  7.2, 'SHUTTLE', 'SHUTTLE', 7, 3, '2026-03-15 09:05:00'),
-- "윤성호(7)이 사범1관→경영1관 셔틀"
(7, 7, 3, 1100, 10.0, 'SHUTTLE', 'SHUTTLE', 6, 1, '2026-03-09 08:15:00');

-- [시나리오 C] 외부 장소 포함 길찾기
-- "김민준(1)이 공학1관→동대구역(외부)"
INSERT INTO route_logs (user_id, from_place_id, to_external_id, distance_m, duration_min, travel_mode, searched_at) VALUES
(1, 1, 1, 12500, 35.0, 'WALK', '2026-03-10 17:30:00'),
(1, 1, 1, 12500, 33.0, 'WALK', '2026-03-17 17:25:00'),
-- "이서연(2)이 경영1관→동성로(외부)"
(2, 3, 4, 18000, 45.0, 'WALK', '2026-03-11 18:00:00'),
-- "한소희(6)이 인문1관→대구국제공항(외부)"
(6, 5, 8, 22000, 55.0, 'WALK', '2026-03-12 14:00:00');

-- [시나리오 D] 외부 장소→학교 (등교)
INSERT INTO route_logs (user_id, from_external_id, to_place_id, distance_m, duration_min, travel_mode, searched_at) VALUES
(1, 1, 1, 12500, 35.0, 'WALK', '2026-03-02 07:00:00'),
(3, 3, 5, 5000,  15.0, 'WALK', '2026-03-03 07:30:00'),
(4, 6, 3, 8000,  22.0, 'WALK', '2026-03-04 07:15:00');

-- [시나리오 E] 비로그인 사용자 (user_id=NULL)
INSERT INTO route_logs (user_id, from_place_id, to_place_id, distance_m, duration_min, travel_mode, searched_at) VALUES
(NULL, 1, 3,  520,  6.5, 'WALK', '2026-03-05 09:00:00'),
(NULL, 3, 5,  650,  8.0, 'WALK', '2026-03-06 10:00:00'),
(NULL, 5, 7,  900, 11.0, 'WALK', '2026-03-07 11:00:00'),
(NULL, 9, 10, 430,  5.5, 'WALK', '2026-03-08 13:00:00'),
(NULL, 1, 5,  900,  8.0, 'WALK', '2026-03-09 14:00:00'),
(NULL, 7, 3,  800,  9.5, 'WALK', '2026-03-10 15:00:00'),
(NULL, 8, 6,  700,  8.5, 'WALK', '2026-03-11 16:00:00'),
(NULL, 2, 4,  310,  4.0, 'WALK', '2026-03-12 17:00:00');


-- ============================================================
-- 11. favorites (12개)
-- ============================================================
INSERT INTO favorites (user_id, from_place_id, to_place_id, label, created_at) VALUES
(1, 1, 3,  '경영대 수업',       '2026-03-03 08:00:00'),
(1, 1, 5,  '인문대 교양',       '2026-03-03 08:05:00'),
(2, 3, 5,  '인문대 강의',       '2026-03-04 09:00:00'),
(2, 3, 7,  '사범대 복수전공',   '2026-03-04 09:05:00'),
(3, 5, 3,  '경영대 수업',       '2026-03-05 10:00:00'),
(4, 8, 1,  '공대 팀플',         '2026-03-06 08:00:00'),
(5, 9, 10, '생명대 친구',       '2026-03-07 11:00:00'),
(6, 6, 1,  '공대 강의',         '2026-03-08 09:00:00'),
(7, 2, 3,  '경영 수업',         '2026-03-09 08:00:00'),
(8, 7, 5,  '인문대 교직',       '2026-03-10 09:00:00');

-- 외부 장소 포함 즐겨찾기
INSERT INTO favorites (user_id, from_place_id, to_external_id, label, created_at) VALUES
(1, 1, 1, '퇴근 후 동대구역', '2026-03-11 17:00:00'),
(6, 5, 4, '동성로 나들이',    '2026-03-12 17:00:00');


-- ============================================================
-- 12. place_likes (좋아요)
-- ============================================================
INSERT INTO place_likes (user_id, place_id, created_at) VALUES
(1, 13, '2026-03-02 10:00:00'),  -- 김민준 → 스타벅스
(1, 19, '2026-03-02 10:01:00'),  -- 김민준 → 중앙도서관
(2, 14, '2026-03-03 11:00:00'),  -- 이서연 → 버거킹
(3, 15, '2026-03-04 12:00:00'),  -- 박지호 → 동편복지관
(4, 19, '2026-03-05 13:00:00'),  -- 최예은 → 중앙도서관
(5, 16, '2026-03-06 14:00:00'),  -- 정태양 → 성산홀
(6, 13, '2026-03-07 15:00:00'),  -- 한소희 → 스타벅스
(7, 19, '2026-03-08 16:00:00'),  -- 윤성호 → 중앙도서관
(8, 17, '2026-03-09 17:00:00');  -- 오지민 → 자유광장
